{
    "0": {
        "precision": 0.4579326923076923,
        "recall": 0.3977035490605428,
        "f1-score": 0.42569832402234636,
        "support": 958
    },
    "1": {
        "precision": 0.7719298245614035,
        "recall": 0.3963963963963964,
        "f1-score": 0.5238095238095238,
        "support": 111
    },
    "2": {
        "precision": 0.3898477157360406,
        "recall": 0.375,
        "f1-score": 0.38227974116475855,
        "support": 1024
    },
    "3": {
        "precision": 0.732662192393736,
        "recall": 0.7384441939120632,
        "f1-score": 0.7355418304323413,
        "support": 1774
    },
    "4": {
        "precision": 0.4739538855678907,
        "recall": 0.45012165450121655,
        "f1-score": 0.46173044925124795,
        "support": 1233
    },
    "5": {
        "precision": 0.4008746355685131,
        "recall": 0.4410585404971933,
        "f1-score": 0.42000763650248185,
        "support": 1247
    },
    "6": {
        "precision": 0.6515930113052415,
        "recall": 0.762936221419976,
        "f1-score": 0.7028824833702882,
        "support": 831
    },
    "accuracy": 0.5374756199498467,
    "macro avg": {
        "precision": 0.5541134224915025,
        "recall": 0.5088086508267697,
        "f1-score": 0.5217071412218555,
        "support": 7178
    },
    "weighted avg": {
        "precision": 0.5362329512163666,
        "recall": 0.5374756199498467,
        "f1-score": 0.5348879944304883,
        "support": 7178
    }
}